txn_id,txn_date,fiscal_period,region,country,department,category,vendor,currency,quantity,unit_price,amount,amount_usd,notes
TXN-00001,2024-01-04,2024-01-01,AMER,United States,Sales,Software,Microsoft,USD,2,123.25,246.50,246.50,
TXN-00002,2024-02-07,2024-02-01,EMEA,Germany,Marketing,Travel,Emirates,EUR,3,91.50,274.50,296.46,
TXN-00003,2024-03-10,2024-03-01,APAC,Singapore,Finance,Office Supplies,Amazon Business,USD,4,28.25,113.00,113.00,
TXN-00004,2024-04-13,2024-04-01,AMER,Canada,Operations,Cloud Infrastructure,AWS,USD,5,253.00,1265.00,1265.00,
TXN-00005,2024-05-16,2024-05-01,EMEA,United Kingdom,Human Resources,Professional Services,Deloitte,GBP,6,366.25,2197.50,2790.82,
TXN-00006,2024-06-19,2024-06-01,APAC,Japan,Sales,Software,Salesforce,USD,7,139.50,976.50,976.50,
TXN-00007,2024-07-22,2024-07-01,AMER,United States,Marketing,Travel,Uber,USD,8,107.75,862.00,862.00,Recurring
TXN-00008,2024-08-25,2024-08-01,EMEA,UAE,Finance,Office Supplies,Office Depot,AED,9,44.50,400.50,108.14,
TXN-00009,2024-09-28,2024-09-01,APAC,Singapore,Operations,Cloud Infrastructure,GCP,USD,10,269.25,2692.50,2692.50,
TXN-00010,2024-10-31,2024-10-01,AMER,Canada,Human Resources,Professional Services,PwC,USD,11,382.50,4207.50,4207.50,
TXN-00011,2024-11-04,2024-11-01,EMEA,Egypt,Sales,Software,Atlassian,EGP,12,155.75,1869.00,37.38,
TXN-00012,2024-12-06,2024-12-01,APAC,Japan,Marketing,Travel,Booking.com,USD,1,124.00,124.00,124.00,
TXN-00013,2025-01-09,2025-01-01,AMER,United States,Finance,Office Supplies,Staples,USD,2,60.75,121.50,121.50,
TXN-00014,2025-02-15,2025-02-01,EMEA,Germany,Operations,Cloud Infrastructure,Azure,EUR,3,285.50,856.50,925.02,Recurring
TXN-00015,2025-03-15,2025-03-01,APAC,Singapore,Human Resources,Professional Services,Accenture,USD,4,398.75,1595.00,1595.00,
TXN-00016,2025-04-19,2025-04-01,AMER,Canada,Sales,Software,Adobe,USD,5,172.00,860.00,860.00,
TXN-00017,2025-05-21,2025-05-01,EMEA,United Kingdom,Marketing,Travel,Delta,GBP,6,85.00,510.00,647.70,
TXN-00018,2025-06-25,2025-06-01,APAC,Japan,Finance,Office Supplies,Amazon Business,USD,7,21.75,152.25,152.25,
TXN-00019,2025-07-27,2025-07-01,AMER,United States,Operations,Cloud Infrastructure,AWS,USD,8,246.50,1972.00,1972.00,
TXN-00020,2025-08-30,2025-08-01,EMEA,UAE,Human Resources,Professional Services,Local Contractor,AED,9,359.75,3237.75,874.19,
TXN-00021,2025-09-04,2025-09-01,APAC,Singapore,Sales,Software,Microsoft,USD,10,133.00,1330.00,1330.00,Recurring
TXN-00022,2025-10-05,2025-10-01,AMER,Canada,Marketing,Travel,Emirates,USD,11,101.25,1113.75,1113.75,
TXN-00023,2025-11-10,2025-11-01,EMEA,Egypt,Finance,Office Supplies,Office Depot,EGP,12,38.00,456.00,9.12,
TXN-00024,2025-12-11,2025-12-01,APAC,Japan,Operations,Cloud Infrastructure,GCP,USD,1,262.75,262.75,262.75,
TXN-00025,2024-01-14,2024-01-01,AMER,United States,Human Resources,Professional Services,Deloitte,USD,2,376.00,752.00,752.00,
TXN-00026,2024-02-21,2024-02-01,EMEA,Germany,Sales,Software,Salesforce,EUR,3,149.25,447.75,483.57,
TXN-00027,2024-03-20,2024-03-01,APAC,Singapore,Marketing,Travel,Uber,USD,4,117.50,470.00,470.00,
TXN-00028,2024-04-25,2024-04-01,AMER,Canada,Finance,Office Supplies,Staples,USD,5,54.25,271.25,271.25,Recurring
TXN-00029,2024-05-26,2024-05-01,EMEA,United Kingdom,Operations,Cloud Infrastructure,Azure,GBP,6,279.00,1674.00,2125.98,
TXN-00030,2024-06-01,2024-06-01,APAC,Japan,Human Resources,Professional Services,PwC,USD,7,392.25,2745.75,2745.75,
TXN-00031,2024-07-01,2024-07-01,AMER,United States,Sales,Software,Atlassian,USD,8,165.50,1324.00,1324.00,
TXN-00032,2024-08-04,2024-08-01,EMEA,UAE,Marketing,Travel,Booking.com,AED,9,133.75,1203.75,325.01,
TXN-00033,2024-09-10,2024-09-01,APAC,Singapore,Finance,Office Supplies,Amazon Business,USD,10,70.50,705.00,705.00,
TXN-00034,2024-10-10,2024-10-01,AMER,Canada,Operations,Cloud Infrastructure,AWS,USD,11,240.00,2640.00,2640.00,
TXN-00035,2024-11-16,2024-11-01,EMEA,Egypt,Human Resources,Professional Services,Accenture,EGP,12,353.25,4239.00,84.78,Recurring
TXN-00036,2024-12-16,2024-12-01,APAC,Japan,Sales,Software,Adobe,USD,1,126.50,126.50,126.50,
TXN-00037,2025-01-19,2025-01-01,AMER,United States,Marketing,Travel,Delta,USD,2,94.75,189.50,189.50,
TXN-00038,2025-02-03,2025-02-01,EMEA,Germany,Finance,Office Supplies,Office Depot,EUR,3,31.50,94.50,102.06,
TXN-00039,2025-03-25,2025-03-01,APAC,Singapore,Operations,Cloud Infrastructure,GCP,USD,4,256.25,1025.00,1025.00,
TXN-00040,2025-04-01,2025-04-01,AMER,Canada,Human Resources,Professional Services,Local Contractor,USD,5,369.50,1847.50,1847.50,
TXN-00041,2025-05-31,2025-05-01,EMEA,United Kingdom,Sales,Software,Microsoft,GBP,6,142.75,856.50,1087.76,
TXN-00042,2025-06-07,2025-06-01,APAC,Japan,Marketing,Travel,Emirates,USD,7,111.00,777.00,777.00,Recurring
TXN-00043,2025-07-06,2025-07-01,AMER,United States,Finance,Office Supplies,Staples,USD,8,47.75,382.00,382.00,
TXN-00044,2025-08-09,2025-08-01,EMEA,UAE,Operations,Cloud Infrastructure,Azure,AED,9,272.50,2452.50,662.18,
TXN-00045,2025-09-16,2025-09-01,APAC,Singapore,Human Resources,Professional Services,Deloitte,USD,10,385.75,3857.50,3857.50,
TXN-00046,2025-10-15,2025-10-01,AMER,Canada,Sales,Software,Salesforce,USD,11,159.00,1749.00,1749.00,
TXN-00047,2025-11-22,2025-11-01,EMEA,Egypt,Marketing,Travel,Uber,EGP,12,127.25,1527.00,30.54,
TXN-00048,2025-12-21,2025-12-01,APAC,Japan,Finance,Office Supplies,Amazon Business,USD,1,64.00,64.00,64.00,
TXN-00049,2024-01-24,2024-01-01,AMER,United States,Operations,Cloud Infrastructure,AWS,USD,2,288.75,577.50,577.50,Recurring
TXN-00050,2024-02-06,2024-02-01,EMEA,Germany,Human Resources,Professional Services,PwC,EUR,3,402.00,1206.00,1302.48,
TXN-00051,2024-03-30,2024-03-01,APAC,Singapore,Sales,Software,Atlassian,USD,4,120.00,480.00,480.00,
TXN-00052,2024-04-07,2024-04-01,AMER,Canada,Marketing,Travel,Booking.com,USD,5,88.25,441.25,441.25,
TXN-00053,2024-05-05,2024-05-01,EMEA,United Kingdom,Finance,Office Supplies,Office Depot,GBP,6,25.00,150.00,190.50,
TXN-00054,2024-06-13,2024-06-01,APAC,Japan,Operations,Cloud Infrastructure,GCP,USD,7,249.75,1748.25,1748.25,
TXN-00055,2024-07-11,2024-07-01,AMER,United States,Human Resources,Professional Services,Accenture,USD,8,363.00,2904.00,2904.00,
TXN-00056,2024-08-14,2024-08-01,EMEA,UAE,Sales,Software,Adobe,AED,9,136.25,1226.25,331.09,Recurring
TXN-00057,2024-09-22,2024-09-01,APAC,Singapore,Marketing,Travel,Delta,USD,10,104.50,1045.00,1045.00,
TXN-00058,2024-10-20,2024-10-01,AMER,Canada,Finance,Office Supplies,Staples,USD,11,41.25,453.75,453.75,
TXN-00059,2024-11-28,2024-11-01,EMEA,Egypt,Operations,Cloud Infrastructure,Azure,EGP,12,266.00,3192.00,63.84,
TXN-00060,2024-12-26,2024-12-01,APAC,Japan,Human Resources,Professional Services,Local Contractor,USD,1,379.25,379.25,379.25,
TXN-00061,2025-01-29,2025-01-01,AMER,United States,Sales,Software,Microsoft,USD,2,152.50,305.00,305.00,
TXN-00062,2025-02-19,2025-02-01,EMEA,Germany,Marketing,Travel,Emirates,EUR,3,120.75,362.25,391.23,
TXN-00063,2025-03-04,2025-03-01,APAC,Singapore,Finance,Office Supplies,Amazon Business,USD,4,57.50,230.00,230.00,Recurring
TXN-00064,2025-04-13,2025-04-01,AMER,Canada,Operations,Cloud Infrastructure,AWS,USD,5,282.25,1411.25,1411.25,
TXN-00065,2025-05-10,2025-05-01,EMEA,United Kingdom,Human Resources,Professional Services,Deloitte,GBP,6,395.50,2373.00,3013.71,
TXN-00066,2025-06-19,2025-06-01,APAC,Japan,Sales,Software,Salesforce,USD,7,168.75,1181.25,1181.25,
TXN-00067,2025-07-16,2025-07-01,AMER,United States,Marketing,Travel,Uber,USD,8,137.00,1096.00,1096.00,
TXN-00068,2025-08-19,2025-08-01,EMEA,UAE,Finance,Office Supplies,Office Depot,AED,9,18.50,166.50,44.96,
TXN-00069,2025-09-28,2025-09-01,APAC,Singapore,Operations,Cloud Infrastructure,GCP,USD,10,243.25,2432.50,2432.50,
TXN-00070,2025-10-25,2025-10-01,AMER,Canada,Human Resources,Professional Services,PwC,USD,11,356.50,3921.50,3921.50,Recurring
TXN-00071,2025-11-04,2025-11-01,EMEA,Egypt,Sales,Software,Atlassian,EGP,12,129.75,1557.00,31.14,
TXN-00072,2025-12-31,2025-12-01,APAC,Japan,Marketing,Travel,Booking.com,USD,1,98.00,98.00,98.00,
TXN-00073,2024-01-03,2024-01-01,AMER,United States,Finance,Office Supplies,Staples,USD,2,34.75,69.50,69.50,
TXN-00074,2024-02-20,2024-02-01,EMEA,Germany,Operations,Cloud Infrastructure,Azure,EUR,3,259.50,778.50,840.78,
TXN-00075,2024-03-09,2024-03-01,APAC,Singapore,Human Resources,Professional Services,Accenture,USD,4,372.75,1491.00,1491.00,
TXN-00076,2024-04-19,2024-04-01,AMER,Canada,Sales,Software,Adobe,USD,5,146.00,730.00,730.00,
TXN-00077,2024-05-15,2024-05-01,EMEA,United Kingdom,Marketing,Travel,Delta,GBP,6,114.25,685.50,870.59,Recurring
TXN-00078,2024-06-25,2024-06-01,APAC,Japan,Finance,Office Supplies,Amazon Business,USD,7,51.00,357.00,357.00,
TXN-00079,2024-07-21,2024-07-01,AMER,United States,Operations,Cloud Infrastructure,AWS,USD,8,275.75,2206.00,2206.00,
TXN-00080,2024-08-24,2024-08-01,EMEA,UAE,Human Resources,Professional Services,Local Contractor,AED,9,389.00,3501.00,945.27,
TXN-00081,2024-09-04,2024-09-01,APAC,Singapore,Sales,Software,Microsoft,USD,10,162.25,1622.50,1622.50,
TXN-00082,2024-10-30,2024-10-01,AMER,Canada,Marketing,Travel,Emirates,USD,11,130.50,1435.50,1435.50,
TXN-00083,2024-11-10,2024-11-01,EMEA,Egypt,Finance,Office Supplies,Office Depot,EGP,12,67.25,807.00,16.14,
TXN-00084,2024-12-05,2024-12-01,APAC,Japan,Operations,Cloud Infrastructure,GCP,USD,1,292.00,292.00,292.00,Recurring
TXN-00085,2025-01-08,2025-01-01,AMER,United States,Human Resources,Professional Services,Deloitte,USD,2,350.00,700.00,700.00,
TXN-00086,2025-02-07,2025-02-01,EMEA,Germany,Sales,Software,Salesforce,EUR,3,123.25,369.75,399.33,
TXN-00087,2025-03-14,2025-03-01,APAC,Singapore,Marketing,Travel,Uber,USD,4,91.50,366.00,366.00,
TXN-00088,2025-04-25,2025-04-01,AMER,Canada,Finance,Office Supplies,Staples,USD,5,28.25,141.25,141.25,
TXN-00089,2025-05-20,2025-05-01,EMEA,United Kingdom,Operations,Cloud Infrastructure,Azure,GBP,6,253.00,1518.00,1927.86,
TXN-00090,2025-06-01,2025-06-01,APAC,Japan,Human Resources,Professional Services,PwC,USD,7,366.25,2563.75,2563.75,
TXN-00091,2025-07-26,2025-07-01,AMER,United States,Sales,Software,Atlassian,USD,8,139.50,1116.00,1116.00,Recurring
TXN-00092,2025-08-29,2025-08-01,EMEA,UAE,Marketing,Travel,Booking.com,AED,9,107.75,969.75,261.83,
TXN-00093,2025-09-10,2025-09-01,APAC,Singapore,Finance,Office Supplies,Amazon Business,USD,10,44.50,445.00,445.00,
TXN-00094,2025-10-04,2025-10-01,AMER,Canada,Operations,Cloud Infrastructure,AWS,USD,11,269.25,2961.75,2961.75,
TXN-00095,2025-11-16,2025-11-01,EMEA,Egypt,Human Resources,Professional Services,Accenture,EGP,12,382.50,4590.00,91.80,
TXN-00096,2025-12-10,2025-12-01,APAC,Japan,Sales,Software,Adobe,USD,1,155.75,155.75,155.75,
TXN-00097,2024-01-13,2024-01-01,AMER,United States,Marketing,Travel,Delta,USD,2,124.00,248.00,248.00,
TXN-00098,2024-02-05,2024-02-01,EMEA,Germany,Finance,Office Supplies,Office Depot,EUR,3,60.75,182.25,196.83,Recurring
TXN-00099,2024-03-19,2024-03-01,APAC,Singapore,Operations,Cloud Infrastructure,GCP,USD,4,285.50,1142.00,1142.00,
TXN-00100,2024-04-01,2024-04-01,AMER,Canada,Human Resources,Professional Services,Local Contractor,USD,5,398.75,1993.75,1993.75,
