ctid,txn_id,txn_date,concept,vendor,contact_name,department,country,region,currency,amount,quantity,unit_price,discount_pct,is_approved,fiscal_period,category,notes,__uuid,txn_date_clean,vendor_clean,contact_name_clean,department_clean,country_clean,region_clean,currency_clean,discount_pct_clean,is_approved_clean,fiscal_period_clean,cleaning_row_flags,amount_usd,concept_clean,quantity_clean,category_clean,cleaning_row_flags_clean
"(0,6)",TXN-000760,2023-03-01 00:00:00,PAYPAL *SETTLEMENT 5893,PayPal Inc,TAYLOR SMITH,H.R.,Egypt,-,GBP,13992.15,7.0,61.12,0.16,  ,2023-10-01 00:00:00,payment_processing,-,68ed8822-223d-41f8-8b99-4daba40860cf,2023-01-03,PayPal,Taylor Smith,Human Resources,Egypt,-,GBP,0.16,  ,2023-10-01,"{""status"": ""flagged"", ""reasoning"": ""Quantity \u00d7 unit price does not match amount"", ""issue_class"": ""cross_field"", ""proposed_action"": ""flag""}",13992.15,PayPal,7,Payment Processing,"{""status"": ""flagged"", ""reasoning"": ""Quantity × unit price does not match amount"", ""issue_class"": ""cross_field"", ""proposed_action"": ""flag""}"
"(1,11)",TXN-000721,2024-06-13 00:00:00,CHECK DELTA AIR 004986 RECURRING,Delta,Alex Nguyen,Sales,US,EMEA,$,1154.8,5.0,999.0,,0,2024-04-01 00:00:00,travel,Reviewed by mgr,c3f4da92-20fe-4a58-b5eb-4e1b53f9b5e1,2024-06-13 00:00:00,Delta,Alex Nguyen,Sales,United States,EMEA,GBP,,Not Approved,2024-04-01,"{""status"": ""flagged"", ""reasoning"": ""Quantity \u00d7 unit price does not match amount"", ""issue_class"": ""cross_field"", ""proposed_action"": ""flag""}",1154.8,Meta Ads,5,Travel,"{""status"": ""flagged"", ""reasoning"": ""Quantity × unit price does not match amount"", ""issue_class"": ""cross_field"", ""proposed_action"": ""flag""}"
"(1,12)",TXN-006169,2024-01-15 00:00:00,online aws monthly usage 6688 online,AWS,Taylor O'Brien,Marketing,EG,AMER,Egyptian Pound,14213.55,,384.15,16.0,N,2023-10-01 00:00:00,software,-,2c2fd0d4-7fcd-4e59-bba8-bea0cc29a8f8,2024-01-15 00:00:00,AWS,Taylor O'Brien,Marketing,Egypt,AMER,EGP,16,Not Approved,2023-10-01,,14213.55,AWS,,Software,
"(1,14)",TXN-004749,2024-01-15 00:00:00,ZOOM.US 520,zoom.us,Sam Nguyen,Sales,US,APAC,EUR,4700.41,19.0,247.39,0.213,true,2024-07-01 00:00:00,software,URGENT - rebill,14e549aa-4297-4054-acca-e6e1125f60f9,2024-01-15 00:00:00,Zoom,Sam Nguyen,Sales,United States,APAC,EUR,0.213,Approved,2024-07-01,,5125.861201501709,Zoom,19,Software,
"(1,15)",TXN-000312,2023-02-09 00:00:00,SALARY PAYMENT 1518,PAYROLL,Sam Smith,finance,DE,EMEA,E£,?,,291.23,0.113,Y,2023-01-01 00:00:00,payroll,Follow up,b01877c8-9b8b-4606-b3f1-0539413d9d82,2023-09-02,Payroll,Sam Smith,Finance,Germany,EMEA,EGP,0.113,Approved,2023-01-01,,,Salary Payment,,Payroll,
"(2,5)",TXN-001061,2024-01-15 00:00:00,MARRIOTT HOTELS 44679,MARRIOTT,Taylor Smith,Marketing,EGYPT,EMEA,British Pound,-8596.26,18.0,477.57,,Y,2023-07-01 00:00:00,office_space,ok,bc5ad04a-7cda-4df4-8b40-434907ca1f22,2024-01-15 00:00:00,Marriott,Taylor Smith,Marketing,Egypt,EMEA,GBP,,Approved,2023-07-01,"{""status"": ""flagged"", ""reasoning"": ""Quantity \u00d7 unit price does not match amount"", ""issue_class"": ""cross_field"", ""proposed_action"": ""flag""}",-8596.26,Hotel,18,Office Space,"{""status"": ""flagged"", ""reasoning"": ""Quantity × unit price does not match amount"", ""issue_class"": ""cross_field"", ""proposed_action"": ""flag""}"
"(3,6)",TXN-000384,2024-04-10 00:00:00,Google *Gsuite 1204,Google LLC,SAM SMITH,Marketing,U.K.,LATAM,US Dollar,,,22.49,,Yes,2024-10-01 00:00:00,nan,nan,8fa73ab9-b291-42bb-acaa-dc6b872ec3cb,2024-10-04,Google,Sam Smith,Marketing,United Kingdom,LATAM,USD,,Approved,2024-10-01,,,Google GSuite,,nan,
"(3,8)",TXN-001306,2024-01-15 00:00:00,ACH ZOOM.US 9970 ONLINE,ZOOM,Sam Nguyen,Finance & Accounting,United States,EMEA,egp,12748210.0,43.0,296.47,,true,2023-04-01 00:00:00,software,Follow up,ef9fd9af-95cb-4d19-ae99-9ebdfbbc6ed8,2024-01-15 00:00:00,Zoom,Sam Nguyen,Finance,United States,EMEA,EGP,,Approved,2023-04-01,"{""status"": ""flagged"", ""reasoning"": ""Quantity \u00d7 unit price does not match amount"", ""issue_class"": ""cross_field"", ""proposed_action"": ""flag""}",12748210.0,Zoom,43,Software,"{""status"": ""flagged"", ""reasoning"": ""Quantity × unit price does not match amount"", ""issue_class"": ""cross_field"", ""proposed_action"": ""flag""}"
"(4,13)",TXN-001534,2024-01-15 00:00:00,STRIPE PAYOUT REF 947,nan,Taylor Nguyen,I.T.,germany,emea,EUR,23298.48,27.0,142.77,0.03,Yes,2023-10-01 00:00:00,payment_processing,-,f95fc019-20eb-47db-b522-98155e929ddc,2024-01-15 00:00:00,nan,Taylor Nguyen,Information Technology,Germany,EMEA,EUR,0.03,Approved,2023-10-01,"{""status"": ""flagged"", ""reasoning"": ""Quantity \u00d7 unit price does not match amount"", ""issue_class"": ""cross_field"", ""proposed_action"": ""flag""}",25407.310146553926,Stripe Payout,27,Payment Processing,"{""status"": ""flagged"", ""reasoning"": ""Quantity × unit price does not match amount"", ""issue_class"": ""cross_field"", ""proposed_action"": ""flag""}"
"(4,14)",TXN-002055,2024-01-15 00:00:00,SLACK TECHNOLOGIES 4294,SLACK,casey o'brien,it,Deutschland,nan,British Pound,2486.2,,414.36,0.042,Y,2024-01-01 00:00:00,software,FOLLOW UP,ecef3d12-a49d-4e67-9311-81b721a3eb00,2024-01-15 00:00:00,Slack,Casey O'Brien,Information Technology,Germany,nan,GBP,0.042,Approved,2024-01-01,,2486.2,Slack,,Software,
"(4,15)",TXN-006220,2023-10-10 00:00:00,STAPLES SUPPLY 78332,staples,Casey Nguyen,marketing,DE,nan,€,7975.75,,319.03,0.229,Y,2023-10-01 00:00:00,office_space,ok,ece40e6f-6f26-482a-8575-efa7318e43e0,2023-10-10,Staples,Casey Nguyen,Marketing,Germany,nan,GBP,0.229,Approved,2023-10-01,,7975.75,Staples,,Office Space,
"(5,6)",TXN-000084,2023-06-03 00:00:00,CARD LEGAL FEES 82654 USD,BAKER MCKENZIE,Riley Patel,Sales Dept.,U.S.A.,APAC,USD,-1200.25,10.0,277.38,,No,2023-04-01 00:00:00,professional_services,needs review,ee8a7483-48cb-49e6-88b9-42dd8f9b0044,2023-03-06,Baker McKenzie,Riley Patel,Sales,United States,APAC,USD,,Not Approved,2023-04-01,"{""status"": ""flagged"", ""reasoning"": ""Quantity \u00d7 unit price does not match amount"", ""issue_class"": ""cross_field"", ""proposed_action"": ""flag""}",-1200.25,Legal Fees,10,Professional Services,"{""status"": ""flagged"", ""reasoning"": ""Quantity × unit price does not match amount"", ""issue_class"": ""cross_field"", ""proposed_action"": ""flag""}"
"(6,14)",TXN-001323,2023-01-26 00:00:00,REGUS OFFICE 80802,Regus Office,riley patel,Marketing,FRA,EMEA,E£,-1200.25,7.0,118.03,,Yes,2023-01-01 00:00:00,office_space,ok,3b0e9fa9-578d-4e55-9217-2b67e97c02e2,2023-01-26 00:00:00,Regus,Riley Patel,Marketing,France,EMEA,EGP,,Approved,2023-01-01,"{""status"": ""flagged"", ""reasoning"": ""Quantity \u00d7 unit price does not match amount"", ""issue_class"": ""cross_field"", ""proposed_action"": ""flag""}",-1200.25,Office Supplies,7,Office Space,"{""status"": ""flagged"", ""reasoning"": ""Quantity × unit price does not match amount"", ""issue_class"": ""cross_field"", ""proposed_action"": ""flag""}"
"(6,17)",TXN-007021,2024-07-01 00:00:00,CHECK STRIPE PAYOUT REF 568,STRIPE,sam o'brien,Sales Dept.,U.K.,nan,USD,42.0,,233.55,0.115,TRUE,2024-07-01 00:00:00,payment_processing,Follow up,bd60c6a7-9463-4da3-a149-d44c2201cfba,2024-01-07,Stripe,Sam O'Brien,Sales,United Kingdom,nan,USD,0.115,Approved,2024-07-01,,42.0,Stripe Payout,,Payment Processing,
"(6,18)",TXN-000180,,UBER EATS 146,uber,Casey Garcia,sales,EG,AMER,USD,2170.44,6.0,361.74,0.144,true,2023-07-01 00:00:00,travel,nan,d02db124-2c05-493f-acf7-6e55fba0c7c5,,Uber,Casey Garcia,Sales,Egypt,AMER,USD,0.144,Approved,2023-07-01,,2170.44,Uber Eats,6,Travel,
"(6,19)",TXN-006061,2024-07-02 00:00:00,CHECK BANK FEE MONTHLY 35650 RECURRING,Chase Bank,Alex O'Brien,finance,Egypt,AMER,$,2023.42,,289.06,0.174,No,2024-01-01 00:00:00,fees,FOLLOW UP,c863966a-ca00-422f-a62a-1ad3a0d1036b,2024-02-07,Chase,Alex O'Brien,Finance,Egypt,AMER,GBP,0.174,Not Approved,2024-01-01,,2023.42,CHECK BANK FEE MONTHLY 35650 RECURRING,,Fees,
"(7,8)",TXN-003249,2024-01-15 00:00:00,STRIPE TRANSFER 98120,"Stripe, Inc.",casey smith,Finance,FRA,AMER,GBP,2616.48,24.0,109.02,?,N,2024-07-01 00:00:00,payment_processing,FOLLOW UP,b55b487f-3c25-488b-a39b-755660621423,2024-01-15 00:00:00,Stripe,Casey Smith,Finance,France,AMER,GBP,?,Not Approved,2024-07-01,,2616.48,STRIPE TRANSFER 98120,24,Payment Processing,
"(7,9)",TXN-000027,2023-05-19 00:00:00,CHECK WIRE TRANSFER FEE 692624,Chase Bank,Jordan Nguyen,HR,EG,EMEA,€,1500.0,25.0,224.58,,No,2023-04-01 00:00:00,fees,FOLLOW UP,fca1229c-0991-40c5-b423-26dd163975b8,2023-05-19 00:00:00,Chase,Jordan Nguyen,Human Resources,Egypt,EMEA,GBP,,Not Approved,2023-04-01,"{""status"": ""flagged"", ""reasoning"": ""Quantity \u00d7 unit price does not match amount"", ""issue_class"": ""cross_field"", ""proposed_action"": ""flag""}",1500.0,Wire Transfer Fee,25,Fees,"{""status"": ""flagged"", ""reasoning"": ""Quantity × unit price does not match amount"", ""issue_class"": ""cross_field"", ""proposed_action"": ""flag""}"
"(8,8)",TXN-000292,2023-12-19 00:00:00,SALESFORCE.COM 171788,Salesforce,Riley O'Brien,I.T.,Egypt,AMER,E£,1234.5,7.0,232.6,,false,2023-10-01 00:00:00,nan,nan,f94b9fec-3360-4ec7-a323-ea01e5fd0d13,2023-12-19 00:00:00,Salesforce,Riley O'Brien,Information Technology,Egypt,AMER,EGP,,Not Approved,2023-10-01,"{""status"": ""flagged"", ""reasoning"": ""Quantity \u00d7 unit price does not match amount"", ""issue_class"": ""cross_field"", ""proposed_action"": ""flag""}",1234.5,Salesforce,7,nan,
"(8,9)",TXN-000292,2023-12-19 00:00:00,SALESFORCE.COM 171788,Salesforce,Riley O'Brien,I.T.,Egypt,AMER,E£,1234.5,7.0,232.6,,false,2023-10-01 00:00:00,software,nan,6410d868-22ff-480e-bd84-9964baeb11c3,2023-12-19 00:00:00,Salesforce,Riley O'Brien,Information Technology,Egypt,AMER,EGP,,Not Approved,2023-10-01,"{""status"": ""flagged"", ""reasoning"": ""Quantity \u00d7 unit price does not match amount"", ""issue_class"": ""cross_field"", ""proposed_action"": ""flag""}",1234.5,Salesforce,7,Software,"{""status"": ""flagged"", ""reasoning"": ""Quantity × unit price does not match amount"", ""issue_class"": ""cross_field"", ""proposed_action"": ""flag""}"
"(9,6)",TXN-001678,2024-01-15 00:00:00,STAPLES SUPPLY 7995 USD,STAPLES,Casey O'Brien,Finance & Accounting,France,apac,Egyptian Pound,13087.58,31.0,-422.18,,true,2024-04-01 00:00:00,office_space,nan,01340dc9-b2b9-4a4a-b70f-c1a966de344d,2024-01-15 00:00:00,Staples,Casey O'Brien,Finance,France,APAC,EGP,,Approved,2024-04-01,"{""status"": ""flagged"", ""reasoning"": ""Quantity \u00d7 unit price does not match amount"", ""issue_class"": ""cross_field"", ""proposed_action"": ""flag""}",13087.58,Staples,31,Office Space,"{""status"": ""flagged"", ""reasoning"": ""Quantity × unit price does not match amount"", ""issue_class"": ""cross_field"", ""proposed_action"": ""flag""}"
"(10,16)",TXN-007111,2024-01-15 00:00:00,DELTA AIR 957492,DELTA,CASEY PATEL,HR,GB,AMER,eur,4451.86,,317.99,0.195,No,2024-04-01 00:00:00,travel,URGENT - rebill,7ead0abb-266d-4404-9c8c-c3dffad29d8a,2024-01-15 00:00:00,Delta,Casey Patel,Human Resources,United Kingdom,AMER,EUR,0.195,Not Approved,2024-04-01,,4854.814037183437,Airline,,Travel,
"(10,17)",TXN-000534,2024-01-15 00:00:00,ONLINE STRIPE TRANSFER 79820,STRIPE,JORDAN PATEL,MKTG,France,APAC,USD,-23066.91,3.0,267.59,,Y,2023-04-01 00:00:00,payment_processing,see attached...,6d8df6aa-4f8a-4006-bcf0-dc04a828c71c,2024-01-15 00:00:00,Stripe,Jordan Patel,Marketing,France,APAC,USD,,Approved,2023-04-01,"{""status"": ""flagged"", ""reasoning"": ""Quantity \u00d7 unit price does not match amount"", ""issue_class"": ""cross_field"", ""proposed_action"": ""flag""}",-23066.91,Stripe Transfer,3,Payment Processing,"{""status"": ""flagged"", ""reasoning"": ""Quantity × unit price does not match amount"", ""issue_class"": ""cross_field"", ""proposed_action"": ""flag""}"
"(11,5)",TXN-000443,2024-01-15 00:00:00,STRIPE TRANSFER 4794,STRIPE,sam nguyen,Sales,FRA,Emea,EUR,21112.93,38.0,212.94,,false,2024-01-01 00:00:00,payment_processing,nan,9ec8e190-fa7d-4363-96c3-13dab6a46efe,2024-01-15 00:00:00,Stripe,Sam Nguyen,Sales,France,EMEA,EUR,,Not Approved,2024-01-01,"{""status"": ""flagged"", ""reasoning"": ""Quantity \u00d7 unit price does not match amount"", ""issue_class"": ""cross_field"", ""proposed_action"": ""flag""}",23023.938068598585,Stripe Transfer,38,Payment Processing,"{""status"": ""flagged"", ""reasoning"": ""Quantity × unit price does not match amount"", ""issue_class"": ""cross_field"", ""proposed_action"": ""flag""}"
"(12,6)",TXN-004162,2024-01-15 00:00:00,MICROSOFT*365 988 AUTOPAY,MICROSOFT,Taylor Smith,Sales,Deutschland,nan,US Dollar,3700.8,47.0,78.74,?,false,2024-01-01 00:00:00,software,-,ad901afc-0fc0-42e0-a56a-d4840ee09c8f,2024-01-15 00:00:00,Microsoft,Taylor Smith,Sales,Germany,nan,USD,?,Not Approved,2024-01-01,,3700.8,MICROSOFT*365 988 AUTOPAY,47,Software,
"(12,7)",TXN-004534,2024-01-15 00:00:00,Online Uber Eats 653 Online,UBER,Taylor O'Brien,Mktg.,DE,emea,€,1213560.0,6.0,202.26,,FALSE,2024-07-01 00:00:00,travel,URGENT - rebill,f3e3b86e-bc3d-4cc7-a274-ed919d52dd82,2024-01-15 00:00:00,Uber,Taylor O'Brien,Marketing,Germany,EMEA,GBP,,Not Approved,2024-07-01,"{""status"": ""flagged"", ""reasoning"": ""Quantity \u00d7 unit price does not match amount"", ""issue_class"": ""cross_field"", ""proposed_action"": ""flag""}",1213560.0,Online Uber Eats 653 Online,6,Travel,"{""status"": ""flagged"", ""reasoning"": ""Quantity × unit price does not match amount"", ""issue_class"": ""cross_field"", ""proposed_action"": ""flag""}"
"(13,8)",TXN-000711,2024-01-15 00:00:00,PAYPAL *SETTLEMENT 0786,paypal,Taylor O'Brien,Marketing,FRA,apac,EUR,18882.33,3.0,49.27,0.298,Yes,2023-04-01 00:00:00,payment_processing,nan,76cef3d0-d5dc-42ff-bd47-a9b2d0e02383,2024-01-15 00:00:00,PayPal,Taylor O'Brien,Marketing,France,APAC,EUR,0.298,Approved,2023-04-01,"{""status"": ""flagged"", ""reasoning"": ""Quantity \u00d7 unit price does not match amount"", ""issue_class"": ""cross_field"", ""proposed_action"": ""flag""}",20591.438351325047,PayPal,3,Payment Processing,"{""status"": ""flagged"", ""reasoning"": ""Quantity × unit price does not match amount"", ""issue_class"": ""cross_field"", ""proposed_action"": ""flag""}"
"(13,9)",TXN-001952,missing,SALARY PAYMENT 11740,Payroll,Sam Smith,Sales Dept.,DE,AMER,E£,1753.38,,97.41,-,N,2024-10-01 00:00:00,payroll,"client said ""approved""",8aecd6e9-794c-4af4-bf23-404e06a11aef,missing,Payroll,Sam Smith,Sales,Germany,AMER,EGP,-,Not Approved,2024-10-01,,1753.38,Salary Payment,,Payroll,
"(14,11)",TXN-003764,2024-01-15 00:00:00,UNITED AIRLINES 886931,UA,Taylor Nguyen,Finance,Great Britain,AMER,usd,14053.62,,334.61,14.8,Yes,2023-10-01 00:00:00,travel,-,24a39845-baf4-41a4-8d7f-c87684716258,2024-01-15 00:00:00,United Airlines,Taylor Nguyen,Finance,United Kingdom,AMER,USD,14.8,Approved,2023-10-01,,14053.62,UNITED AIRLINES 886931,,Travel,
"(14,13)",TXN-007139,2024-01-15 00:00:00,Check Paypal *Settlement 2157 Recurring,PAYPAL,SAM NGUYEN,hr,FRA,AMER,eur,8657.32,,176.68,0.005,true,2023-10-01 00:00:00,payment_processing,nan,9fee43bf-e1f7-4aee-a53a-97f761f79dd4,2024-01-15 00:00:00,PayPal,Sam Nguyen,Human Resources,France,AMER,EUR,0.005,Approved,2023-10-01,,9440.925514366785,PayPal,,Payment Processing,
"(14,14)",TXN-000380,2024-01-15 00:00:00,STRIPE PAYOUT REF 34664 USD,STRIPE,Sam Smith,marketing,Egypt,EMEA,EUR,4869340.0,14.0,347.81,9.0,true,2024-10-01 00:00:00,payment_processing,Reviewed by mgr,e00a7cb0-cfa5-43ec-822f-149f65e13f6b,2024-01-15 00:00:00,Stripe,Sam Smith,Marketing,Egypt,EMEA,EUR,9,Approved,2024-10-01,"{""status"": ""flagged"", ""reasoning"": ""Quantity \u00d7 unit price does not match amount"", ""issue_class"": ""cross_field"", ""proposed_action"": ""flag""}",5310081.67009268,Stripe Payout,14,Payment Processing,"{""status"": ""flagged"", ""reasoning"": ""Quantity × unit price does not match amount"", ""issue_class"": ""cross_field"", ""proposed_action"": ""flag""}"
"(15,9)",TXN-000382,2024-01-15 00:00:00,STRIPE TRANSFER 6695,STRIPE,Sam Garcia,SALES,Deutschland,AMER,Egyptian Pound,14241980.0,,334.91,0.26,1,2023-10-01 00:00:00,nan,nan,e432b7bc-67c1-4a08-8b55-76f9ea7445e1,2024-01-15 00:00:00,Stripe,Sam Garcia,Sales,Germany,AMER,EGP,0.26,Not Approved,2023-10-01,,14241980.0,Stripe Transfer,,nan,
"(15,10)",TXN-000619,2023-01-24 00:00:00,STAPLES SUPPLY 862,STAPLES,taylor garcia,IT,Egypt,AMER,USD,999.0,33.0,90.29,24.7,FALSE,2023-01-01 00:00:00,office_space,ok,10a07e82-a1fb-4e89-848a-75cf8d45e7b6,2023-01-24 00:00:00,Staples,Taylor Garcia,Information Technology,Egypt,AMER,USD,24.7,Not Approved,2023-01-01,"{""status"": ""flagged"", ""reasoning"": ""Quantity \u00d7 unit price does not match amount"", ""issue_class"": ""cross_field"", ""proposed_action"": ""flag""}",999.0,Staples,33,Office Space,"{""status"": ""flagged"", ""reasoning"": ""Quantity × unit price does not match amount"", ""issue_class"": ""cross_field"", ""proposed_action"": ""flag""}"
"(16,15)",TXN-000599,2024-01-15 00:00:00,pos aws monthly usage 906522 autopay,Amazon Web Services,Casey O'Brien,Finance,FR,AMER,egp,-1200.25,8.0,97.36,0.145,TRUE,2024-10-01 00:00:00,software,needs review,d7953f83-8b78-4596-a759-0956e95706fa,2024-01-15 00:00:00,AWS,Casey O'Brien,Finance,France,AMER,EGP,0.145,Approved,2024-10-01,"{""status"": ""flagged"", ""reasoning"": ""Quantity \u00d7 unit price does not match amount"", ""issue_class"": ""cross_field"", ""proposed_action"": ""flag""}",-1200.25,AWS,8,Software,"{""status"": ""flagged"", ""reasoning"": ""Quantity × unit price does not match amount"", ""issue_class"": ""cross_field"", ""proposed_action"": ""flag""}"
"(16,17)",TXN-002291,,GOOGLE *GSUITE 31395,google,SAM PATEL,MKTG,Great Britain,LATAM,usd,350.1,,272.59,,Yes,2024-07-01 00:00:00,software,see attached...,7cb7259f-e77f-4f01-a666-2b862fd9b127,,Google,Sam Patel,Marketing,United Kingdom,LATAM,USD,,Approved,2024-07-01,,350.1,Google GSuite,,Software,
"(16,18)",TXN-000930,2024-01-15 00:00:00,PAYPAL *SETTLEMENT 316,PayPal Inc,alex nguyen,IT,U.S.A.,-,€,14401.99,,141.67,0.019,false,2024-07-01 00:00:00,payment_processing,"client said ""approved""",819f07e3-fa85-4acf-9337-85486c8c9211,2024-01-15 00:00:00,PayPal,Alex Nguyen,Information Technology,United States,-,GBP,0.019,Not Approved,2024-07-01,,14401.99,PayPal,,Payment Processing,
"(17,12)",TXN-000248,2023-08-01 00:00:00,REGUS OFFICE 64129,Regus,sam smith,IT,America,AMER,EUR,1548.56,,59.56,,N,2023-07-01 00:00:00,office_space,nan,0f512290-e305-45dc-a9a0-e3f2e80a9689,2023-01-08,Regus,Sam Smith,Information Technology,United States,AMER,EUR,,Not Approved,2023-07-01,,1667.644264,Office Supplies,,Office Space,
"(17,13)",TXN-001436,2024-08-19 00:00:00,ACH AWS EMEA INV 923 AUTOPAY,Amazon Web Services,Jordan O'Brien,H.R.,FR,nan,GBP,-14032.13,49.0,286.37,27.3,nan,2024-07-01 00:00:00,software,needs review,dfb846d6-8f4a-48d9-abd8-984e024e1731,2024-08-19 00:00:00,AWS,Jordan O'Brien,Human Resources,France,nan,GBP,27.3,nan,2024-07-01,"{""status"": ""flagged"", ""reasoning"": ""Quantity \u00d7 unit price does not match amount"", ""issue_class"": ""cross_field"", ""proposed_action"": ""flag""}",-14032.13,AWS,49,Software,"{""status"": ""flagged"", ""reasoning"": ""Quantity × unit price does not match amount"", ""issue_class"": ""cross_field"", ""proposed_action"": ""flag""}"
"(17,14)",TXN-002526,2024-02-06 00:00:00,wire transfer fee 215,Chase Bank,jordan garcia,marketing,United States,LATAM,USD,3617.6,28.0,129.2,,false,2024-01-01 00:00:00,fees,Reviewed by mgr,e5fcfc0d-3fb0-40cf-b7c0-2a85f61918a9,2024-06-02,Chase,Jordan Garcia,Marketing,United States,LATAM,USD,,Not Approved,2024-01-01,,3617.6,wire transfer fee 215,28,Fees,
"(18,9)",TXN-001438,2024-01-15 00:00:00,AMAZON MARKETPLACE 123,amazon.com,JORDAN SMITH,I.T.,Deutschland,AMER,£,999.0,26.0,455.69,0.265,nan,2024-04-01 00:00:00,software,nan,3bb034dc-8717-4ba4-baa3-a4685b6b51a6,2024-01-15 00:00:00,Amazon,Jordan Smith,Information Technology,Germany,AMER,GBP,0.265,nan,2024-04-01,"{""status"": ""flagged"", ""reasoning"": ""Quantity \u00d7 unit price does not match amount"", ""issue_class"": ""cross_field"", ""proposed_action"": ""flag""}",999.0,Amazon Marketplace,26,Software,"{""status"": ""flagged"", ""reasoning"": ""Quantity × unit price does not match amount"", ""issue_class"": ""cross_field"", ""proposed_action"": ""flag""}"
"(18,10)",TXN-006772,2024-04-08 00:00:00,SLACK TECHNOLOGIES 180204,SLACK,Casey O'Brien,MKTG,America,AMER,USD,350.1,,95.99,2.0,false,2024-07-01 00:00:00,software,URGENT - rebill,9bf16090-5815-47d1-b7d7-8e0c860b7d56,2024-08-04,Slack,Casey O'Brien,Marketing,United States,AMER,USD,2,Not Approved,2024-07-01,,350.1,Slack,,Software,
"(19,8)",TXN-001365,2024-01-15 00:00:00,CHECK OFFICE DEPOT 9619,Office Depot,Casey O'Brien,Sales,UK,AMER,£,693.48,,999.0,27.0,0,2023-01-01 00:00:00,office_space,see attached...,75bc2ca3-dc2b-46db-afe6-f1c7d68b265a,2024-01-15 00:00:00,Office Depot,Casey O'Brien,Sales,United Kingdom,AMER,GBP,27,Not Approved,2023-01-01,,693.48,Office Supplies,,Office Space,
"(19,12)",TXN-005170,2023-09-09 00:00:00,ONLINE MICROSOFT*365 348017,Microsoft,taylor patel,Sales Dept.,EG,nan,EGP,6772.81,,294.47,16.0,Yes,2023-07-01 00:00:00,software,-,3aacf07f-c029-4063-a7e3-78a9aefbf474,2023-09-09,Microsoft,Taylor Patel,Sales,Egypt,nan,EGP,16,Approved,2023-07-01,,6772.81,Microsoft 365,,Software,
"(19,14)",TXN-000902,2024-01-15 00:00:00,STRIPE TRANSFER 6253,STRIPE,Casey O'Brien,Finance & Accounting,Egypt,LATAM,£,-500.0,16.0,281.47,-,Y,2024-07-01 00:00:00,payment_processing,ok,c4920e5e-93e2-45b0-b5d0-8ab86b996cd7,2024-01-15 00:00:00,Stripe,Casey O'Brien,Finance,Egypt,LATAM,GBP,-,Approved,2024-07-01,"{""status"": ""flagged"", ""reasoning"": ""Quantity \u00d7 unit price does not match amount"", ""issue_class"": ""cross_field"", ""proposed_action"": ""flag""}",-500.0,Stripe Transfer,16,Payment Processing,"{""status"": ""flagged"", ""reasoning"": ""Quantity × unit price does not match amount"", ""issue_class"": ""cross_field"", ""proposed_action"": ""flag""}"
"(19,15)",TXN-004374,2024-11-07 00:00:00,STRIPE PAYOUT REF 584,Stripe,ALEX SMITH,Finance & Accounting,US,-,$,-,23.0,223.89,26.0,TRUE,2024-10-01 00:00:00,payment_processing,-,47dd3261-452f-4e9d-bbd2-f37d11a09124,2024-07-11,Stripe,Alex Smith,Finance,United States,-,GBP,26,Approved,2024-10-01,,,STRIPE PAYOUT REF 584,23,Payment Processing,
"(20,10)",TXN-005089,2024-10-18 00:00:00,ach office depot 519 autopay,Office Depot,Jordan Patel,Mktg.,EG,nan,usd,3619.88,11.0,329.08,23.0,FALSE,2024-10-01 00:00:00,office_space,"client said ""approved""",dc7d75e8-8292-40ce-9aed-e6ca3ca2f9ff,2024-10-18 00:00:00,Office Depot,Jordan Patel,Marketing,Egypt,nan,USD,23,Not Approved,2024-10-01,,3619.88,Office Supplies,11,Office Space,
"(20,12)",TXN-001124,31/04/2024,GUSTO PAYROLL 3219,Gusto Payroll,Casey O'Brien,Mktg.,Egypt,APAC,egp,42.0,20.0,66.28,3.0,0,2024-04-01 00:00:00,payroll,nan,14a29d7a-3a94-466c-acd3-af8eed6de941,,Gusto,Casey O'Brien,Marketing,Egypt,APAC,EGP,3,Not Approved,2024-04-01,"{""status"": ""flagged"", ""reasoning"": ""Quantity \u00d7 unit price does not match amount"", ""issue_class"": ""cross_field"", ""proposed_action"": ""flag""}",42.0,Payroll,20,Payroll,"{""status"": ""flagged"", ""reasoning"": ""Quantity × unit price does not match amount"", ""issue_class"": ""cross_field"", ""proposed_action"": ""flag""}"
"(20,13)",TXN-006194,2024-10-21 00:00:00,LEGAL FEES 224083 ONLINE,Baker McKenzie,Jordan Nguyen,FIN,DE,LATAM,$,-18761.46,,399.18,10.0,No,2024-10-01 00:00:00,professional_services,URGENT - rebill,fa5acfb5-19dd-4ec5-a02f-a94bbb4562e5,2024-10-21 00:00:00,Baker McKenzie,Jordan Nguyen,Finance,Germany,LATAM,GBP,10,Not Approved,2024-10-01,,-18761.46,LEGAL FEES 224083 ONLINE,,Professional Services,
"(21,10)",TXN-000445,2024-05-23 00:00:00,REGUS OFFICE 201828,Regus Office,Sam Nguyen,Sales,Egypt,Emea,€,344570.0,1.0,344.57,12.0,nan,2024-04-01 00:00:00,Office,FOLLOW UP,1d7ef577-301f-40c5-9cdc-50176dbf33b9,2024-05-23 00:00:00,Regus,Sam Nguyen,Sales,Egypt,EMEA,GBP,12,nan,2024-04-01,"{""status"": ""flagged"", ""reasoning"": ""Quantity \u00d7 unit price does not match amount"", ""issue_class"": ""cross_field"", ""proposed_action"": ""flag""}",344570.0,Office Supplies,1,Office Space,
"(21,11)",TXN-000445,2024-05-23 00:00:00,REGUS OFFICE 201828,Regus Office,Sam Nguyen,Sales,Egypt,Emea,€,344570.0,1.0,344.57,12.0,nan,2024-04-01 00:00:00,office_space,FOLLOW UP,1754ad0a-57ab-49b8-b8a1-e58b4c8f22d5,2024-05-23 00:00:00,Regus,Sam Nguyen,Sales,Egypt,EMEA,GBP,12,nan,2024-04-01,"{""status"": ""flagged"", ""reasoning"": ""Quantity \u00d7 unit price does not match amount"", ""issue_class"": ""cross_field"", ""proposed_action"": ""flag""}",344570.0,Office Supplies,1,Office Space,"{""status"": ""flagged"", ""reasoning"": ""Quantity × unit price does not match amount"", ""issue_class"": ""cross_field"", ""proposed_action"": ""flag""}"
"(21,12)",TXN-007181,2023-09-01 00:00:00,ONLINE META ADS 428 AUTOPAY,Meta Ads,JORDAN SMITH,Finance & Accounting,U.S.A.,-,E£,215.04,,13.44,17.0,No,2023-07-01 00:00:00,advertising,Follow up,69f98a54-9588-47f2-b15c-e42fc1858b0e,2023-01-09,Meta,Jordan Smith,Finance,United States,-,EGP,17,Not Approved,2023-07-01,,215.04,Meta Ads,,Advertising,
"(22,11)",TXN-001179,2024-01-15 00:00:00,CARD UBER EATS 10057 AUTOPAY,Uber Technologies,Sam O'Brien,IT,Germany,-,$,6657.1,,144.72,30.0,1,2023-04-01 00:00:00,nan,Reviewed by mgr,5443265e-5625-4eb0-b918-a23dcb29a81b,2024-01-15 00:00:00,Uber,Sam O'Brien,Information Technology,Germany,-,GBP,30,Not Approved,2023-04-01,,6657.1,Uber Eats,,nan,
"(22,12)",TXN-000957,2024-01-15 00:00:00,STRIPE TRANSFER 398,STRIPE,taylor nguyen,IT,US,emea,E£,17224.17,5.0,304.41,18.0,nan,2024-10-01 00:00:00,nan,Follow up,2d46e8de-71b8-4ae7-92a8-62d8dd847094,2024-01-15 00:00:00,Stripe,Taylor Nguyen,Information Technology,United States,EMEA,EGP,18,nan,2024-10-01,"{""status"": ""flagged"", ""reasoning"": ""Quantity \u00d7 unit price does not match amount"", ""issue_class"": ""cross_field"", ""proposed_action"": ""flag""}",17224.17,Stripe Transfer,5,nan,
"(22,13)",TXN-000957,2024-01-15 00:00:00,STRIPE TRANSFER 398,STRIPE,taylor nguyen,IT,US,emea,E£,17224.17,5.0,304.41,18.0,nan,2024-10-01 00:00:00,payment_processing,Follow up,dbc245a9-cbff-41f0-84fc-80dccc472df9,2024-01-15 00:00:00,Stripe,Taylor Nguyen,Information Technology,United States,EMEA,EGP,18,nan,2024-10-01,"{""status"": ""flagged"", ""reasoning"": ""Quantity \u00d7 unit price does not match amount"", ""issue_class"": ""cross_field"", ""proposed_action"": ""flag""}",17224.17,Stripe Transfer,5,Payment Processing,"{""status"": ""flagged"", ""reasoning"": ""Quantity × unit price does not match amount"", ""issue_class"": ""cross_field"", ""proposed_action"": ""flag""}"
"(23,6)",TXN-001777,2023-05-15 00:00:00,Lyft *Ride 6013,LYFT,Alex Patel,Marketing,Germany,LATAM,Euro,4009.59,,174.33,14.0,No,2023-04-01 00:00:00,nan,see attached...,4f08d29e-343b-4c05-a691-7f07f21e1969,2023-05-15 00:00:00,Lyft,Alex Patel,Marketing,Germany,LATAM,EUR,14,Not Approved,2023-04-01,,4357.4219325,Lyft Ride,,nan,
"(23,8)",TXN-000141,2024-01-29 00:00:00,INTEREST CREDIT 911888,JPMorgan Chase,Casey Smith,sales,United States,-,EUR,24936.66,24.0,405.18,12.0,nan,2024-01-01 00:00:00,fees,FOLLOW UP,0c33b9e2-04d6-4ced-869d-c5df6833420c,2024-01-29 00:00:00,Chase,Casey Smith,Sales,United States,-,EUR,12,nan,2024-01-01,"{""status"": ""flagged"", ""reasoning"": ""Quantity \u00d7 unit price does not match amount"", ""issue_class"": ""cross_field"", ""proposed_action"": ""flag""}",27193.767775372704,Interest Credit,24,Fees,"{""status"": ""flagged"", ""reasoning"": ""Quantity × unit price does not match amount"", ""issue_class"": ""cross_field"", ""proposed_action"": ""flag""}"
"(24,11)",TXN-000794,2024-12-06 00:00:00,CARD GOOGLE *GSUITE 285 RECURRING,Google LLC,Alex O'Brien,IT,USA,LATAM,$,350.1,36.0,371.86,16.0,Y,2024-10-01 00:00:00,software,needs review,16876e39-013e-4fcb-b121-07a5e1478b8f,2024-06-12,Google,Alex O'Brien,Information Technology,United States,LATAM,GBP,16,Approved,2024-10-01,"{""status"": ""flagged"", ""reasoning"": ""Quantity \u00d7 unit price does not match amount"", ""issue_class"": ""cross_field"", ""proposed_action"": ""flag""}",350.1,Google GSuite,36,Software,"{""status"": ""flagged"", ""reasoning"": ""Quantity × unit price does not match amount"", ""issue_class"": ""cross_field"", ""proposed_action"": ""flag""}"
"(24,12)",TXN-007278,2024-02-30,CHECK META ADS 696,META,Alex Nguyen,hr,france,LATAM,usd,-500.0,28.0,294.1,0.22,false,2023-07-01 00:00:00,advertising,FOLLOW UP,8da2ef8b-a80e-4860-b57c-fa30055091aa,2024-02-30,Meta,Alex Nguyen,Human Resources,France,LATAM,USD,0.22,Not Approved,2023-07-01,"{""status"": ""flagged"", ""reasoning"": ""Quantity \u00d7 unit price does not match amount"", ""issue_class"": ""cross_field"", ""proposed_action"": ""flag""}",-500.0,Meta Ads,28,Advertising,"{""status"": ""flagged"", ""reasoning"": ""Quantity × unit price does not match amount"", ""issue_class"": ""cross_field"", ""proposed_action"": ""flag""}"
"(25,8)",TXN-007783,2024-13-01,GOOGLE ADS 792774,Google LLC,CASEY GARCIA,Sales,EGYPT,nan,Egyptian Pound,12411.3,,376.1,,No,2023-07-01 00:00:00,advertising,ok,f1fd9a8e-71b4-411a-a12d-e523765a6413,2024-01-13,Google,Casey Garcia,Sales,Egypt,nan,EGP,,Not Approved,2023-07-01,,12411.3,Google Ads,,Advertising,
"(25,10)",TXN-001321,2023-03-01 00:00:00,ONLINE STRIPE PAYOUT REF 216 RECURRING,STRIPE,taylor garcia,H.R.,Deutschland,-,US Dollar,16847.08,23.0,222.92,29.0,false,2023-04-01 00:00:00,payment_processing,-,43fbeb63-6504-49d1-a2cd-6818f3ca7109,2023-01-03,Stripe,Taylor Garcia,Human Resources,Germany,-,USD,29,Not Approved,2023-04-01,"{""status"": ""flagged"", ""reasoning"": ""Quantity \u00d7 unit price does not match amount"", ""issue_class"": ""cross_field"", ""proposed_action"": ""flag""}",16847.08,Stripe Payout,23,Payment Processing,"{""status"": ""flagged"", ""reasoning"": ""Quantity × unit price does not match amount"", ""issue_class"": ""cross_field"", ""proposed_action"": ""flag""}"
"(26,9)",TXN-003936,2024-01-15 00:00:00,ACH UBER EATS 25024 RECURRING,UBER,Riley Smith,MKTG,FR,-,$,4758.0,,190.32,,false,2023-04-01 00:00:00,travel,-,4459f70a-5609-4858-82c8-47c605cfc458,2024-01-15 00:00:00,Uber,Riley Smith,Marketing,France,-,GBP,,Not Approved,2023-04-01,,4758.0,Uber Eats,,Travel,
"(26,10)",TXN-001488,2024-01-14 00:00:00,CARD CUSTOMER PAYMENT REF 826 ONLINE,ACME INC,Taylor Patel,SALES,egypt,-,€,2000.0,29.0,251.58,9.0,FALSE,2024-01-01 00:00:00,payment_processing,Follow up,c88aff2f-5b02-4379-a93a-922ee2d664b7,2024-01-14 00:00:00,Acme Inc,Taylor Patel,Sales,Egypt,-,GBP,9,Not Approved,2024-01-01,"{""status"": ""flagged"", ""reasoning"": ""Quantity \u00d7 unit price does not match amount"", ""issue_class"": ""cross_field"", ""proposed_action"": ""flag""}",2000.0,Customer Payment,29,Payment Processing,"{""status"": ""flagged"", ""reasoning"": ""Quantity × unit price does not match amount"", ""issue_class"": ""cross_field"", ""proposed_action"": ""flag""}"
"(27,5)",TXN-004973,2024-01-15 00:00:00,CUSTOMER PAYMENT REF 815903,Acme Inc,Jordan Nguyen,Finance,France,-,GBP,-500.0,,256.54,,Yes,2024-10-01 00:00:00,payment_processing,Follow up,971e6f7f-d894-4715-a99b-e9792352e9c2,2024-01-15 00:00:00,Acme Inc,Jordan Nguyen,Finance,France,-,GBP,,Approved,2024-10-01,,-500.0,CUSTOMER PAYMENT REF 815903,,Payment Processing,
"(27,6)",TXN-001374,2023-03-01 00:00:00,UNITED AIRLINES 316,United Airlines,Casey O'Brien,hr,Egypt,emea,gbp,-1200.25,25.0,146.99,4.0,N,2023-07-01 00:00:00,travel,Follow up,b1938004-384f-4ebb-a74d-79f15432be12,2023-01-03,United Airlines,Casey O'Brien,Human Resources,Egypt,EMEA,GBP,4,Not Approved,2023-07-01,"{""status"": ""flagged"", ""reasoning"": ""Quantity \u00d7 unit price does not match amount"", ""issue_class"": ""cross_field"", ""proposed_action"": ""flag""}",-1200.25,Airline,25,Travel,"{""status"": ""flagged"", ""reasoning"": ""Quantity × unit price does not match amount"", ""issue_class"": ""cross_field"", ""proposed_action"": ""flag""}"
"(28,16)",TXN-001265,2023-03-29 00:00:00,ACH SALARY PAYMENT 959 RECURRING,PAYROLL,Taylor O'Brien,hr,Deutschland,nan,E£,1044.0,,149.14,,No,2023-01-01 00:00:00,nan,FOLLOW UP,9b0da955-b8b6-44eb-a1c0-6fc380068119,2023-03-29 00:00:00,Payroll,Taylor O'Brien,Human Resources,Germany,nan,EGP,,Not Approved,2023-01-01,,1044.0,Salary Payment,,nan,
"(28,17)",TXN-001555,2023-10-25 00:00:00,Slack Technologies 08814,SLACK,Riley Patel,MKTG,Deutschland,nan,USD,1234.5,28.0,63.52,missing,true,2023-10-01 00:00:00,software,Reviewed by mgr,48ba4f1b-fcbf-47db-8f7f-ab401f697d22,2023-10-25 00:00:00,Slack,Riley Patel,Marketing,Germany,nan,USD,missing,Approved,2023-10-01,"{""status"": ""flagged"", ""reasoning"": ""Quantity \u00d7 unit price does not match amount"", ""issue_class"": ""cross_field"", ""proposed_action"": ""flag""}",1234.5,Slack,28,Software,"{""status"": ""flagged"", ""reasoning"": ""Quantity × unit price does not match amount"", ""issue_class"": ""cross_field"", ""proposed_action"": ""flag""}"
"(28,18)",TXN-001862,2024-01-15 00:00:00,WIRE TRANSFER FEE 331382,Chase Bank,Alex Smith,marketing,france,LATAM,eur,7416.6,,247.22,,Y,2024-07-01 00:00:00,fees,nan,b67f19bb-8932-4625-b83c-64735eab5096,2024-01-15 00:00:00,Chase,Alex Smith,Marketing,France,LATAM,EUR,,Approved,2024-07-01,,8087.903435457242,Wire Transfer Fee,,Fees,
"(28,19)",TXN-001015,2024-01-15 00:00:00,ZOOM.US 511,ZOOM,Alex Patel,Sales Dept.,germany,nan,GBP,42.0,,134.19,,FALSE,2023-01-01 00:00:00,software,URGENT - rebill,ff87a296-f472-463a-b620-0e90d2178208,2024-01-15 00:00:00,Zoom,Alex Patel,Sales,Germany,nan,GBP,,Not Approved,2023-01-01,,42.0,Zoom,,Software,
"(29,8)",TXN-001221,2024-01-15 00:00:00,ONLINE INTEREST CREDIT 523767 AUTOPAY,CHASE,Casey Nguyen,Finance,FRA,-,British Pound,999.0,16.0,353.83,0.072,0,2024-07-01 00:00:00,fees,nan,e2dc450a-5c9f-4dad-8229-7640bfa8c58e,2024-01-15 00:00:00,Chase,Casey Nguyen,Finance,France,-,GBP,0.072,Not Approved,2024-07-01,"{""status"": ""flagged"", ""reasoning"": ""Quantity \u00d7 unit price does not match amount"", ""issue_class"": ""cross_field"", ""proposed_action"": ""flag""}",999.0,Interest Credit,16,Fees,"{""status"": ""flagged"", ""reasoning"": ""Quantity × unit price does not match amount"", ""issue_class"": ""cross_field"", ""proposed_action"": ""flag""}"
"(29,9)",TXN-006662,2024-01-15 00:00:00,ZOOM.US 83281,ZOOM,Riley Patel,Finance,America,AMER,GBP,19.59,1.0,19.59,,FALSE,2023-07-01 00:00:00,software,ok,698c4e60-c39b-4957-8dcd-d1a3fee02a74,2024-01-15 00:00:00,Zoom,Riley Patel,Finance,United States,AMER,GBP,,Not Approved,2023-07-01,,19.59,Zoom,1,Software,
"(30,5)",TXN-001841,2024-01-15 00:00:00,Audit Services 41810 Autopay,PricewaterhouseCoopers,Sam Smith,Marketing,DE,emea,gbp,42.0,32.0,285.27,?,0,2024-07-01 00:00:00,professional_services,URGENT - rebill,249ba9ef-2e56-4907-9604-0a72ed84f229,2024-01-15 00:00:00,PwC,Sam Smith,Marketing,Germany,EMEA,GBP,?,Not Approved,2024-07-01,"{""status"": ""flagged"", ""reasoning"": ""Quantity \u00d7 unit price does not match amount"", ""issue_class"": ""cross_field"", ""proposed_action"": ""flag""}",42.0,Audit Services,32,Professional Services,"{""status"": ""flagged"", ""reasoning"": ""Quantity × unit price does not match amount"", ""issue_class"": ""cross_field"", ""proposed_action"": ""flag""}"
"(30,6)",TXN-001881,2024-01-15 00:00:00,INTEREST CREDIT 345,JPMorgan Chase,Casey Patel,Sales,france,nan,Euro,4205.37,,412.82,0.205,0,2023-07-01 00:00:00,fees,Reviewed by mgr,14b090bc-7ca0-46cd-a547-656badad7bce,2024-01-15 00:00:00,Chase,Casey Patel,Sales,France,nan,EUR,0.205,Not Approved,2023-07-01,,4586.013330956074,Interest Credit,,Fees,
"(30,9)",TXN-001261,2024-01-15 00:00:00,POS STAPLES SUPPLY 2231 AUTOPAY,staples,Sam Garcia,finance,germany,nan,eur,2487.81,39.0,63.79,0.184,Yes,2023-07-01 00:00:00,office_space,FOLLOW UP,06fe4a85-59bb-40ae-97b8-0a750a2da0ef,2024-01-15 00:00:00,Staples,Sam Garcia,Finance,Germany,nan,EUR,0.184,Approved,2023-07-01,,2712.9907296827228,Staples,39,Office Space,
"(30,10)",TXN-001154,2024-01-15 00:00:00,github.com 8217,github,riley smith,it,germany,nan,USD,18345.6,,407.68,0.192,false,2024-10-01 00:00:00,software,needs review,d5e81185-29f4-4818-8a5b-49c9341dbcec,2024-01-15 00:00:00,GitHub,Riley Smith,Information Technology,Germany,nan,USD,0.192,Not Approved,2024-10-01,,18345.6,GitHub,,Software,
"(30,12)",TXN-001154,2024-01-15 00:00:00,github.com 8217,github,riley smith,it,germany,nan,USD,18345.6,,407.68,0.192,false,2024-10-01 00:00:00,nan,needs review,b0dc3ea7-294e-4e8c-bcc1-f4f27253d15d,2024-01-15 00:00:00,GitHub,Riley Smith,Information Technology,Germany,nan,USD,0.192,Not Approved,2024-10-01,,18345.6,GitHub,,nan,
"(30,16)",TXN-001881,2024-01-15 00:00:00,INTEREST CREDIT 345,JPMorgan Chase,Casey Patel,Sales,france,nan,Euro,4205.37,,412.82,0.205,0,2023-07-01 00:00:00,nan,Reviewed by mgr,fead576d-408d-4d6d-b3e0-6b45069c8449,2024-01-15 00:00:00,Chase,Casey Patel,Sales,France,nan,EUR,0.205,Not Approved,2023-07-01,,4586.013330956074,Interest Credit,,nan,
"(31,8)",TXN-000908,2024-01-15 00:00:00,SALESFORCE.COM 43448,SALESFORCE,Alex Garcia,Finance & Accounting,france,-,£,350.1,,407.04,0.111,1,2023-07-01 00:00:00,nan,FOLLOW UP,a7f8e19e-e9ec-4d92-9966-21b86a305661,2024-01-15 00:00:00,Salesforce,Alex Garcia,Finance,France,-,GBP,0.111,Not Approved,2023-07-01,,350.1,Salesforce,,nan,
"(31,9)",TXN-000975,2024-01-15 00:00:00,Stripe Payout Ref 77310,"Stripe, Inc.",Taylor Garcia,hr,Egypt,LATAM,British Pound,350.1,36.0,456.25,,No,2023-04-01 00:00:00,payment_processing,Reviewed by mgr,aeace6c0-7cf3-45e1-9cb9-69b66e75842a,2024-01-15 00:00:00,Stripe,Taylor Garcia,Human Resources,Egypt,LATAM,GBP,,Not Approved,2023-04-01,"{""status"": ""flagged"", ""reasoning"": ""Quantity \u00d7 unit price does not match amount"", ""issue_class"": ""cross_field"", ""proposed_action"": ""flag""}",350.1,Stripe Payout,36,Payment Processing,"{""status"": ""flagged"", ""reasoning"": ""Quantity × unit price does not match amount"", ""issue_class"": ""cross_field"", ""proposed_action"": ""flag""}"
"(32,10)",TXN-000713,2024-01-15 00:00:00,GOOGLE *GSUITE 9006,Google,Sam Smith,H.R.,Deutschland,LATAM,Egyptian Pound,4333.56,,154.77,0.032,N,2023-01-01 00:00:00,nan,needs review,b0fc3919-cec4-458a-bd19-d9e5a6fad7e7,2024-01-15 00:00:00,Google,Sam Smith,Human Resources,Germany,LATAM,EGP,0.032,Not Approved,2023-01-01,,4333.56,Google GSuite,,nan,
"(32,11)",TXN-001630,2024-01-15 00:00:00,STRIPE TRANSFER 408,Stripe,Riley Nguyen,hr,Egypt,LATAM,Euro,8613.6,,358.9,25.2,0,2023-07-01 00:00:00,nan,FOLLOW UP,49d00462-32ac-4aa0-bb9c-9b058192be5b,2024-01-15 00:00:00,Stripe,Riley Nguyen,Human Resources,Egypt,LATAM,EUR,25.2,Not Approved,2023-07-01,,9393.24825818495,Stripe Transfer,,nan,
"(32,12)",TXN-000427,2023-06-26 00:00:00,wire transfer fee 3050,Chase Bank,casey smith,I.T.,Deutschland,-,Egyptian Pound,1568.2,,392.05,3.5,true,2023-04-01 00:00:00,nan,FOLLOW UP,47278659-f722-4b05-94cb-3a12e54351c0,2023-06-26 00:00:00,Chase,Casey Smith,Information Technology,Germany,-,EGP,3.5,Approved,2023-04-01,,1568.2,Wire Transfer Fee,,nan,
"(32,13)",TXN-001128,2024-01-15 00:00:00,SALESFORCE.COM 57357,Salesforce.com,Sam O'Brien,HR,Egypt,AMER,€,2000.0,39.0,156.61,,true,2024-10-01 00:00:00,software,"client said ""approved""",cac3a47d-5f3f-4aa0-b1c5-a9ad7a586b95,2024-01-15 00:00:00,Salesforce,Sam O'Brien,Human Resources,Egypt,AMER,GBP,,Approved,2024-10-01,"{""status"": ""flagged"", ""reasoning"": ""Quantity \u00d7 unit price does not match amount"", ""issue_class"": ""cross_field"", ""proposed_action"": ""flag""}",2000.0,Salesforce,39,Software,"{""status"": ""flagged"", ""reasoning"": ""Quantity × unit price does not match amount"", ""issue_class"": ""cross_field"", ""proposed_action"": ""flag""}"
"(33,6)",TXN-007553,,CHECK ADP PAYROLL 6485 RECURRING,nan,TAYLOR PATEL,Sales,egypt,APAC,British Pound,763.7,,21.82,11.3,N,2023-04-01 00:00:00,payroll,needs review,7d9c64fe-c43f-4361-979c-2745bc772d03,,nan,Taylor Patel,Sales,Egypt,APAC,GBP,11.3,Not Approved,2023-04-01,,763.7,Payroll,,Payroll,
"(33,8)",TXN-001847,2024-08-19 00:00:00,GUSTO PAYROLL 950,Gusto Payroll,Riley O'Brien,Sales Dept.,germany,AMER,usd,-3690.57,13.0,283.89,0.071,0,2024-07-01 00:00:00,payroll,nan,2eda00d8-68ba-422f-aa9b-ae702d278f7f,2024-08-19 00:00:00,Gusto,Riley O'Brien,Sales,Germany,AMER,USD,0.071,Not Approved,2024-07-01,"{""status"": ""flagged"", ""reasoning"": ""Quantity \u00d7 unit price does not match amount"", ""issue_class"": ""cross_field"", ""proposed_action"": ""flag""}",-3690.57,Payroll,13,Payroll,"{""status"": ""flagged"", ""reasoning"": ""Quantity × unit price does not match amount"", ""issue_class"": ""cross_field"", ""proposed_action"": ""flag""}"
"(34,9)",TXN-001595,2023-06-17 00:00:00,ACH OFFICE DEPOT 67964 USD,OfficeDepot,Jordan Patel,Sls,germany,LATAM,egp,-1200.25,43.0,103.79,0.273,1,2023-04-01 00:00:00,office_space,nan,e8254414-bc13-4c65-885b-28274a6b1fa3,2023-06-17 00:00:00,Office Depot,Jordan Patel,Sales,Germany,LATAM,EGP,0.273,Not Approved,2023-04-01,"{""status"": ""flagged"", ""reasoning"": ""Quantity \u00d7 unit price does not match amount"", ""issue_class"": ""cross_field"", ""proposed_action"": ""flag""}",-1200.25,Office Supplies,43,Office Space,"{""status"": ""flagged"", ""reasoning"": ""Quantity × unit price does not match amount"", ""issue_class"": ""cross_field"", ""proposed_action"": ""flag""}"
"(34,10)",TXN-000891,2024-01-15 00:00:00,STRIPE PAYOUT REF 74573,STRIPE,Riley Patel,FIN,U.S.A.,apac,£,10271.02,,308.79,0.234,TRUE,2024-10-01 00:00:00,payment_processing,ok,b5737467-e210-491c-96c2-0bf053e16233,2024-01-15 00:00:00,Stripe,Riley Patel,Finance,United States,APAC,GBP,0.234,Approved,2024-10-01,,10271.02,Stripe Payout,,Payment Processing,
"(35,5)",TXN-000150,2024-01-15 00:00:00,STRIPE TRANSFER 496014,Stripe Inc,CASEY PATEL,IT,EG,-,€,2319.62,6.0,15.47,0.188,No,2024-04-01 00:00:00,nan,-,b63dc8b4-7f53-4bad-8326-6d950eb222a2,2024-01-15 00:00:00,Stripe,Casey Patel,Information Technology,Egypt,-,GBP,0.188,Not Approved,2024-04-01,"{""status"": ""flagged"", ""reasoning"": ""Quantity \u00d7 unit price does not match amount"", ""issue_class"": ""cross_field"", ""proposed_action"": ""flag""}",2319.62,Stripe Transfer,6,nan,
"(36,4)",TXN-000773,2023-09-22 00:00:00,UBER TRIP 878792,UBER,Taylor Smith,Finance,USA,LATAM,USD,2000.0,2.0,377.57,missing,TRUE,2023-07-01 00:00:00,nan,see attached...,792076aa-4802-4019-8883-099b6bd0e142,2023-09-22 00:00:00,Uber,Taylor Smith,Finance,United States,LATAM,USD,missing,Approved,2023-07-01,"{""status"": ""flagged"", ""reasoning"": ""Quantity \u00d7 unit price does not match amount"", ""issue_class"": ""cross_field"", ""proposed_action"": ""flag""}",2000.0,Uber Trip,2,nan,
"(36,7)",TXN-007485,2023-03-01 00:00:00,staples supply 061,--,SAM NGUYEN,hr,egypt,EMEA,eur,6094.98,,225.74,,N,2024-01-01 00:00:00,office_space,"client said ""approved""",bd0f88a2-0df7-4a64-bc02-84a81bd7f4a5,2023-01-03,--,Sam Nguyen,Human Resources,Egypt,EMEA,EUR,,Not Approved,2024-01-01,,6563.683962,staples supply 061,,Office Space,
"(37,8)",TXN-000827,2023-10-03 00:00:00,HUBSPOT INC 9910,HUBSPOT,Sam Patel,IT,DE,nan,British Pound,3556.8,48.0,1234.5,2.5,1,2023-01-01 00:00:00,nan,"client said ""approved""",a91c2e77-a335-42a1-9617-ef6894e39b01,2023-03-10,HubSpot,Sam Patel,Information Technology,Germany,nan,GBP,2.5,Not Approved,2023-01-01,"{""status"": ""flagged"", ""reasoning"": ""Quantity \u00d7 unit price does not match amount"", ""issue_class"": ""cross_field"", ""proposed_action"": ""flag""}",3556.8,HubSpot,48,nan,
"(37,9)",TXN-003797,,regus office 3088,regus,taylor o'brien,hr,United States,emea,E£,2878.7,22.0,130.85,30.0,No,2023-07-01 00:00:00,office_space,ok,dbf789e2-8104-470f-871c-f5e4eb9a5c44,,Regus,Taylor O'Brien,Human Resources,United States,EMEA,EGP,30,Not Approved,2023-07-01,,2878.7,Office Supplies,22,Office Space,
"(38,8)",TXN-001748,2024-01-15 00:00:00,GUSTO PAYROLL 301984,Gusto,Casey O'Brien,it,France,nan,US Dollar,42.0,38.0,44.27,0.219,Y,2024-07-01 00:00:00,payroll,nan,279bb986-5682-4660-a71f-5be49cbe1a8f,2024-01-15 00:00:00,Gusto,Casey O'Brien,Information Technology,France,nan,USD,0.219,Approved,2024-07-01,"{""status"": ""flagged"", ""reasoning"": ""Quantity \u00d7 unit price does not match amount"", ""issue_class"": ""cross_field"", ""proposed_action"": ""flag""}",42.0,Payroll,38,Payroll,"{""status"": ""flagged"", ""reasoning"": ""Quantity × unit price does not match amount"", ""issue_class"": ""cross_field"", ""proposed_action"": ""flag""}"
"(38,9)",TXN-004848,2024-02-25 00:00:00,STAPLES SUPPLY 8671,STAPLES,Taylor Smith,HR,GB,emea,British Pound,3840.76,,349.16,19.0,0,2024-01-01 00:00:00,office_space,nan,c4934291-6171-4838-a37f-c62fac97407e,2024-02-25 00:00:00,Staples,Taylor Smith,Human Resources,United Kingdom,EMEA,GBP,19,Not Approved,2024-01-01,,3840.76,Staples,,Office Space,
"(39,7)",TXN-001908,2024-04-09 00:00:00,WIRE TRANSFER FEE 9072,CHASE,ALEX SMITH,MKTG,united states,AMER,Euro,999.0,21.0,435.67,24.7,1,2024-04-01 00:00:00,nan,ok,6cd558f3-e8b0-44a9-a1b1-032b2da3213a,2024-09-04,Chase,Alex Smith,Marketing,United States,AMER,EUR,24.7,Not Approved,2024-04-01,"{""status"": ""flagged"", ""reasoning"": ""Quantity \u00d7 unit price does not match amount"", ""issue_class"": ""cross_field"", ""proposed_action"": ""flag""}",1109.4894,Wire Transfer Fee,21,nan,
"(39,8)",TXN-007050,2024-04-06 00:00:00,lyft *ride 696371,Lyft,Jordan Patel,hr,France,apac,egp,7103.36,16.0,443.96,0.264,TRUE,2024-04-01 00:00:00,travel,nan,c68137ac-b1cc-4bdb-a014-0ce9f85a1b84,2024-06-04,Lyft,Jordan Patel,Human Resources,France,APAC,EGP,0.264,Approved,2024-04-01,,7103.36,lyft *ride 696371,16,Travel,
"(40,3)",TXN-000849,2023-11-23 00:00:00,INTEREST CREDIT 7465,Chase Bank,Jordan Garcia,H.R.,FRA,-,eur,2674.61,45.0,99.12,5.6,FALSE,2023-10-01 00:00:00,nan,needs review,2e86c8d0-6748-4e64-ad24-4a5c43f91476,2023-11-23 00:00:00,Chase,Jordan Garcia,Human Resources,France,-,EUR,5.6,Not Approved,2023-10-01,"{""status"": ""flagged"", ""reasoning"": ""Quantity \u00d7 unit price does not match amount"", ""issue_class"": ""cross_field"", ""proposed_action"": ""flag""}",2890.7792745916386,Interest Credit,45,nan,
"(40,4)",TXN-004621,2023-01-08 00:00:00,CARD CUSTOMER PAYMENT REF 723 RECURRING,Acme Inc,riley garcia,Information Technology,united states,emea,egp,350.1,,468.05,16.9,1,2023-01-01 00:00:00,payment_processing,nan,55bb94ef-9cd6-4d98-99e3-4f39cb9ced9d,2023-08-01,Acme Inc,Riley Garcia,IT,United States,EMEA,EGP,16.9,Not Approved,2023-01-01,,350.1,Customer Payment,,Payment Processing,
"(40,6)",TXN-002436,2024-01-15 00:00:00,Ach Deloitte Consulting 759766 Autopay,DELOITTE,Sam O'Brien,HR,U.S.A.,APAC,Egyptian Pound,2650.14,,441.69,0.238,true,2023-07-01 00:00:00,professional_services,nan,feb5da5a-1d8e-434d-aafa-141df430492e,2024-01-15 00:00:00,Deloitte,Sam O'Brien,Human Resources,United States,APAC,EGP,0.238,Approved,2023-07-01,,2650.14,Consulting,,Professional Services,
"(41,10)",TXN-000348,,Online Gusto Payroll 4862 Autopay,gusto,Alex Nguyen,Sales,egypt,Emea,EUR,3538.56,,442.32,,No,2023-07-01 00:00:00,payroll,nan,ee54b586-cb42-4131-8060-3d794a24bfd4,,Gusto,Alex Nguyen,Sales,Egypt,EMEA,EUR,,Not Approved,2023-07-01,,,Payroll,,Payroll,
"(41,12)",TXN-000927,2024-02-24 00:00:00,LYFT *RIDE 9755,lyft,TAYLOR SMITH,it,UK,AMER,US Dollar,-1200.25,3.0,342.31,12.6,N,2024-01-01 00:00:00,nan,FOLLOW UP,768125a2-c3c7-49c1-b7bc-4407ca64c197,2024-02-24 00:00:00,Lyft,Taylor Smith,Information Technology,United Kingdom,AMER,USD,12.6,Not Approved,2024-01-01,"{""status"": ""flagged"", ""reasoning"": ""Quantity \u00d7 unit price does not match amount"", ""issue_class"": ""cross_field"", ""proposed_action"": ""flag""}",-1200.25,Lyft Ride,3,nan,
